{"_wandb":{"runtime":115},"_step":4,"metrics/precision(B)":0.9531022287126033,"metrics/recall(B)":0.9238934665336535,"metrics/mAP50(B)":0.9635045012414615,"metrics/mAP50-95(B)":0.5213636013451802,"_runtime":114.953935183,"fitness":0.5655776913348084,"_timestamp":1.7434281891064074e+09}