{"metrics/mAP50-95(B)":0.5452621182425993,"_wandb":{"runtime":106},"metrics/precision(B)":0.9039874978800222,"fitness":0.5820842128241599,"metrics/recall(B)":0.8560594963033987,"metrics/mAP50(B)":0.9134830640582059,"_step":4,"_timestamp":1.743436517521967e+09,"_runtime":106.01181348}