{"_timestamp":1.743424794207618e+09,"_runtime":214.772448212,"metrics/mAP50(B)":0.9395702926787304,"fitness":0.5716869674794338,"metrics/mAP50-95(B)":0.5308110424572897,"metrics/recall(B)":0.8525780368503373,"_wandb":{"runtime":215},"metrics/precision(B)":1,"_step":4}