{"_timestamp":1.7434256253262103e+09,"metrics/recall(B)":0.7715556128019035,"metrics/mAP50-95(B)":0.5189554757932131,"fitness":0.5556447718261139,"_wandb":{"runtime":140},"_step":4,"metrics/precision(B)":0.971385249548978,"_runtime":139.967602396,"metrics/mAP50(B)":0.8858484361222216}