{"_wandb":{"runtime":156},"_runtime":156.364823972,"_step":4,"_timestamp":1.7434230498522165e+09,"metrics/recall(B)":0.9318181818181818,"metrics/mAP50-95(B)":0.5322316892767095,"metrics/mAP50(B)":0.9465919278846989,"metrics/precision(B)":0.9196362540448562,"fitness":0.5736677131375085}