{"_timestamp":1.743423868892765e+09,"metrics/recall(B)":0.8634296854635838,"metrics/mAP50-95(B)":0.5523199220551281,"_step":4,"metrics/mAP50(B)":0.9047154627029607,"fitness":0.5875594761199114,"metrics/precision(B)":0.8836957534894732,"_wandb":{"runtime":218},"_runtime":217.815393601}