{"mAP50":0.9368310320844895,"_runtime":227.853552313,"_step":0,"_wandb":{"runtime":227},"Fitness":0.6003603878851994,"Precision":0.9371216133952152,"Recall":0.8181818181818182,"_timestamp":1.743421086585183e+09,"mAP50-95":0.5629747607519449}