{"_timestamp":1.7434201960312653e+09,"_runtime":192.676220733,"Fitness":0.5464204408285047,"_step":0,"Recall":0.8503413255371723,"_wandb":{"runtime":192},"mAP50-95":0.5022323707801679,"mAP50":0.9441130712635354,"Precision":0.9739642498809957}