{"_step":4,"metrics/mAP50-95(B)":0.5340003258985612,"fitness":0.5714029947797219,"_timestamp":1.7434265710452058e+09,"metrics/mAP50(B)":0.9080270147101679,"_runtime":231.645634181,"metrics/recall(B)":0.9090909090909091,"_wandb":{"runtime":231},"metrics/precision(B)":0.9068412824685226}