{"_runtime":226.269802677,"Recall":0.9090909090909091,"_wandb":{"runtime":226},"mAP50-95":0.5214155706041159,"_step":0,"_timestamp":1.743420571607566e+09,"Precision":0.9219499686386974,"mAP50":0.9471995048529068,"Fitness":0.563993964028995}