{"metrics/mAP50(B)":0.9390704688194008,"metrics/mAP50-95(B)":0.5449567145350319,"metrics/recall(B)":0.9198534198534198,"fitness":0.5843680899634688,"_step":4,"_wandb":{"runtime":145},"metrics/precision(B)":0.8900327306124407,"_timestamp":1.743433511361026e+09,"_runtime":145.403190479}