{"_runtime":127.629856898,"_wandb":{"runtime":127},"Fitness":0.5667487161853326,"_step":0,"Recall":0.9254953840499518,"Precision":0.9531802844941283,"mAP50-95":0.5236900297517081,"mAP50":0.9542768940879528,"_timestamp":1.7434203315121262e+09}