{"metrics/recall(B)":0.8636363636363636,"metrics/mAP50-95(B)":0.5403918005563589,"_timestamp":1.7434320465088894e+09,"metrics/mAP50(B)":0.9264879875603973,"_step":4,"metrics/precision(B)":0.9435601507337519,"_runtime":109.522670566,"fitness":0.5790014192567627,"_wandb":{"runtime":109}}