{"metrics/mAP50-95(B)":0.5411604619757904,"_step":4,"_wandb":{"runtime":223},"metrics/recall(B)":0.9266088143929052,"fitness":0.5832130264128597,"_runtime":223.408324956,"metrics/mAP50(B)":0.9616861063464835,"metrics/precision(B)":0.9760573680797258,"_timestamp":1.743426086319957e+09}