{"fitness":0.5862257121389195,"metrics/mAP50-95(B)":0.5453097463078294,"_timestamp":1.743422307436187e+09,"metrics/recall(B)":0.9090909090909091,"metrics/precision(B)":0.9750995208455416,"_runtime":102.451187932,"metrics/mAP50(B)":0.9544694046187306,"_wandb":{"runtime":102},"_step":4}