{"Fitness":0.5593537587165328,"Recall":0.8409090909090909,"_runtime":110.241620618,"mAP50":0.9064692405504451,"mAP50-95":0.5207853718460981,"_step":0,"_wandb":{"runtime":110},"_timestamp":1.7434206866470153e+09,"Precision":0.9205032337866137}