{"_wandb":{"runtime":219},"_timestamp":1.7434284189259503e+09,"metrics/mAP50(B)":0.9223116368242524,"_step":4,"metrics/mAP50-95(B)":0.5353766021883438,"_runtime":218.891693228,"fitness":0.5740701056519347,"metrics/precision(B)":0.8155466328543252,"metrics/recall(B)":0.9044587890741737}