{"_timestamp":1.7434350938171477e+09,"metrics/mAP50-95(B)":0.5522048852980161,"metrics/mAP50(B)":0.9201338787396182,"_runtime":157.846010712,"_step":4,"metrics/precision(B)":0.9243815734887164,"fitness":0.5889977846421763,"_wandb":{"runtime":158},"metrics/recall(B)":0.8336004139575568}