{"metrics/recall(B)":0.9023118863544395,"metrics/mAP50(B)":0.9485732065763017,"metrics/mAP50-95(B)":0.5667521109608393,"_runtime":219.391064609,"_step":4,"fitness":0.6049342205223857,"metrics/precision(B)":0.9297370813946766,"_wandb":{"runtime":219},"_timestamp":1.7434274007216623e+09}