{"_runtime":150.162959712,"metrics/recall(B)":0.92971653824367,"fitness":0.5956633951549581,"metrics/mAP50(B)":0.9664941790432519,"_timestamp":1.7434353875179572e+09,"metrics/precision(B)":0.9533859664260482,"_step":4,"metrics/mAP50-95(B)":0.5544599747229255,"_wandb":{"runtime":150}}