{"metrics/recall(B)":0.8587701514058104,"metrics/mAP50-95(B)":0.5330565356983723,"_wandb":{"runtime":224},"metrics/mAP50(B)":0.9155464285055545,"_timestamp":1.7434304669184747e+09,"metrics/precision(B)":0.926437597552175,"_runtime":224.396276345,"fitness":0.5713055249790905,"_step":4}