{"Precision":0.94301403242874,"_runtime":162.517146797,"_timestamp":1.7434208539720018e+09,"Recall":0.9090909090909091,"mAP50-95":0.5496802375585076,"Fitness":0.5908567821015749,"mAP50":0.9614456829891801,"_step":0,"_wandb":{"runtime":162}}