{"_timestamp":1.743424252659692e+09,"_runtime":119.189149606,"metrics/mAP50(B)":0.9282429332543848,"_wandb":{"runtime":119},"metrics/recall(B)":0.8172821355881466,"fitness":0.5931959091763401,"metrics/precision(B)":0.8998984973484063,"_step":4,"metrics/mAP50-95(B)":0.5559684620565574}