{"fitness":0.5642175800095712,"_step":4,"metrics/precision(B)":0.944532020932962,"_wandb":{"runtime":116},"metrics/mAP50(B)":0.9426910344817505,"_runtime":115.887407228,"_timestamp":1.7434359880671449e+09,"metrics/mAP50-95(B)":0.5221649739571068,"metrics/recall(B)":0.9090909090909091}